{
    "metrics": {
        "vus": {
            "value": 2,
            "min": 0,
            "max": 2
        },
        "iterations": {
            "count": 49,
            "rate": 1.4256254546181375
        },
        "http_req_connecting": {
            "max": 0.781,
            "p(90)": 0,
            "p(95)": 0,
            "p(99)": 0.25239999999999996,
            "avg": 0.008566666666666667,
            "min": 0,
            "med": 0
        },
        "http_req_failed": {
            "fails": 150,
            "passes": 0,
            "thresholds": {
                "rate<0.01": false
            },
            "value": 0
        },
        "http_req_sending": {
            "med": 0.014,
            "max": 1.84,
            "p(90)": 0.031100000000000003,
            "p(95)": 0.06844999999999973,
            "p(99)": 0.4530599999999992,
            "avg": 0.03631999999999997,
            "min": 0.005
        },
        "http_req_waiting": {
            "p(90)": 217.6046,
            "p(95)": 343.4527499999997,
            "p(99)": 1268.6854599999995,
            "avg": 107.33558666666666,
            "min": 6.011,
            "med": 43.626000000000005,
            "max": 2476.685
        },
        "http_req_receiving": {
            "p(90)": 0.16380000000000003,
            "p(95)": 0.2086999999999999,
            "p(99)": 0.47112,
            "avg": 0.1057466666666667,
            "min": 0.025,
            "med": 0.0645,
            "max": 3.009
        },
        "http_reqs": {
            "count": 150,
            "rate": 4.364159554953482
        },
        "iteration_duration": {
            "max": 2571.912542,
            "p(90)": 1484.7991086,
            "p(95)": 1533.5852252,
            "p(99)": 2548.65874184,
            "avg": 1261.3714924081632,
            "min": 1049.986958,
            "med": 1171.726917
        },
        "http_req_duration{expected_response:true}": {
            "avg": 107.47765333333336,
            "min": 6.064,
            "med": 43.706,
            "max": 2479.002,
            "p(90)": 217.7263,
            "p(95)": 343.59734999999966,
            "p(99)": 1268.8530799999994
        },
        "http_req_blocked": {
            "avg": 0.028506666666666625,
            "min": 0.002,
            "med": 0.004,
            "max": 3.083,
            "p(90)": 0.006100000000000004,
            "p(95)": 0.011099999999999987,
            "p(99)": 0.2955399999999999
        },
        "checks": {
            "passes": 150,
            "fails": 0,
            "value": 1
        },
        "http_req_tls_handshaking": {
            "p(90)": 0,
            "p(95)": 0,
            "p(99)": 0,
            "avg": 0,
            "min": 0,
            "med": 0,
            "max": 0
        },
        "data_received": {
            "count": 250733,
            "rate": 7294.92545128101
        },
        "http_req_duration": {
            "min": 6.064,
            "med": 43.706,
            "max": 2479.002,
            "p(90)": 217.7263,
            "p(95)": 343.59734999999966,
            "p(99)": 1268.8530799999994,
            "avg": 107.47765333333336,
            "thresholds": {
                "p(95)<400": false
            }
        },
        "data_sent": {
            "count": 45844,
            "rate": 1333.8035375819163
        },
        "vus_max": {
            "value": 2,
            "min": 2,
            "max": 2
        }
    },
    "setup_data": {
        "customerId": 1,
        "profileId": 1,
        "token": "fb_owner_BEJkxB8G8eThFp2RXFqcuQRPohcwwS38"
    },
    "root_group": {
        "path": "",
        "id": "d41d8cd98f00b204e9800998ecf8427e",
        "groups": {
            "setup": {
                "groups": {},
                "checks": {
                        "bootstrap created": {
                            "path": "::setup::bootstrap created",
                            "id": "c8b267aa469c877269c99465bf718a7e",
                            "passes": 1,
                            "fails": 0,
                            "name": "bootstrap created"
                        },
                        "fiscal profile created": {
                            "name": "fiscal profile created",
                            "path": "::setup::fiscal profile created",
                            "id": "aed73f0f87a55a23118c3849bec93e45",
                            "passes": 1,
                            "fails": 0
                        },
                        "customer created": {
                            "fails": 0,
                            "name": "customer created",
                            "path": "::setup::customer created",
                            "id": "e35be12d634ab75a05a6e965f797c76d",
                            "passes": 1
                        }
                    },
                "name": "setup",
                "path": "::setup",
                "id": "5c0f8025f7e0b6654089e5b00e950f1a"
            }
        },
        "checks": {
            "organization read": {
                "fails": 0,
                "name": "organization read",
                "path": "::organization read",
                "id": "f26d6d646f82fe22925cfe60f1268d1e",
                "passes": 49
            },
            "invoice created": {
                "id": "dc2a8fdf863f89cd999281dd077c15a1",
                "passes": 49,
                "fails": 0,
                "name": "invoice created",
                "path": "::invoice created"
            },
            "invoice read": {
                "fails": 0,
                "name": "invoice read",
                "path": "::invoice read",
                "id": "da9d2aa28716bc57d5ace37783e5f825",
                "passes": 49
            }
        },
        "name": ""
    }
}